{
  "Bluefin Tuna": {
    "mu": 1167.8179959100205,
    "sigma": 411.8344337489779,
    "pop": 3423
  },
  "Wahoo": {
    "mu": 1162.1271327507282,
    "sigma": 214.29068669074312,
    "pop": 9612
  },
  "Cobia": {
    "mu": 963.8162645520499,
    "sigma": 179.44082432227245,
    "pop": 5927
  },
  "Yellowfin Tuna": {
    "mu": 871.2574565003944,
    "sigma": 154.21729815696952,
    "pop": 62127
  },
  "Great Barracuda": {
    "mu": 823.141751437417,
    "sigma": 213.1263120467005,
    "pop": 9044
  },
  "Greater Amberjack": {
    "mu": 804.1322736188297,
    "sigma": 194.2859079014325,
    "pop": 24472
  },
  "King Mackerel": {
    "mu": 784.3354064712836,
    "sigma": 150.41119834703315,
    "pop": 90523
  },
  "Spiny Dogfish": {
    "mu": 765.4935461159353,
    "sigma": 120.12991390613217,
    "pop": 4261
  },
  "Blacktip Shark": {
    "mu": 757.0007158196134,
    "sigma": 267.6437778823632,
    "pop": 2794
  },
  "Striped Bass": {
    "mu": 734.5710547433795,
    "sigma": 182.51014826396656,
    "pop": 85983
  },
  "Atlantic Sharpnose Shark": {
    "mu": 715.8164672480227,
    "sigma": 124.49745737847462,
    "pop": 4931
  },
  "Common Snook": {
    "mu": 690.138468013468,
    "sigma": 91.92613746464161,
    "pop": 2376
  },
  "Dolphin": {
    "mu": 665.455181035281,
    "sigma": 189.1916381579164,
    "pop": 151186
  },
  "Gag": {
    "mu": 623.728630085853,
    "sigma": 112.3098507610506,
    "pop": 34827
  },
  "Atlantic Cod": {
    "mu": 612.6880526165285,
    "sigma": 131.2116027501575,
    "pop": 87425
  },
  "Blackfin Tuna": {
    "mu": 612.2136243386243,
    "sigma": 165.4983495484653,
    "pop": 13608
  },
  "Black Grouper": {
    "mu": 606.9540802938861,
    "sigma": 168.58873595329834,
    "pop": 3811
  },
  "Smooth Dogfish": {
    "mu": 594.541827187672,
    "sigma": 194.85870594884454,
    "pop": 3634
  },
  "Little Tunny": {
    "mu": 594.0861349693251,
    "sigma": 103.94032651705704,
    "pop": 32600
  },
  "Skipjack Tuna": {
    "mu": 552.6020187454939,
    "sigma": 103.16227937737504,
    "pop": 2774
  },
  "Haddock": {
    "mu": 541.353872619932,
    "sigma": 52.29991992415558,
    "pop": 25577
  },
  "Red Grouper": {
    "mu": 537.9377698377252,
    "sigma": 89.9026574421718,
    "pop": 20151
  },
  "Blueline Tilefish": {
    "mu": 533.7384744341995,
    "sigma": 100.10456563200168,
    "pop": 2386
  },
  "Cero": {
    "mu": 533.140350877193,
    "sigma": 101.63734784551352,
    "pop": 4560
  },
  "Cusk": {
    "mu": 530.4502497918402,
    "sigma": 84.68476849179395,
    "pop": 9608
  },
  "Red Drum": {
    "mu": 524.309747545582,
    "sigma": 134.32058215611633,
    "pop": 128340
  },
  "Pollock": {
    "mu": 519.0623409199897,
    "sigma": 212.52749535315039,
    "pop": 27109
  },
  "Atlantic Bonito": {
    "mu": 517.6531176006314,
    "sigma": 115.22460323710708,
    "pop": 5068
  },
  "Almaco Jack": {
    "mu": 506.86353529738744,
    "sigma": 174.76886506677621,
    "pop": 3598
  },
  "Tripletail": {
    "mu": 493.740302743614,
    "sigma": 98.11194547044393,
    "pop": 2114
  },
  "Scamp": {
    "mu": 477.8196001211754,
    "sigma": 107.2884419515571,
    "pop": 6602
  },
  "Banded Rudderfish": {
    "mu": 464.6394518432735,
    "sigma": 84.63209262058987,
    "pop": 5181
  },
  "Mutton Snapper": {
    "mu": 450.86801503954365,
    "sigma": 115.65671408948894,
    "pop": 7713
  },
  "Bluefish": {
    "mu": 442.9680313235543,
    "sigma": 186.15107843972308,
    "pop": 313119
  },
  "Black Drum": {
    "mu": 436.8100382932166,
    "sigma": 169.22529246332692,
    "pop": 36560
  },
  "Red Snapper": {
    "mu": 430.053542289361,
    "sigma": 87.31429261293019,
    "pop": 123790
  },
  "Summer Flounder": {
    "mu": 413.79993998532973,
    "sigma": 75.03322355845668,
    "pop": 179956
  },
  "Spanish Mackerel": {
    "mu": 408.34291634291634,
    "sigma": 82.15518833588173,
    "pop": 131274
  },
  "Tautog": {
    "mu": 400.4947776870113,
    "sigma": 86.13810316404589,
    "pop": 68552
  },
  "Red Hake": {
    "mu": 399.71667240785393,
    "sigma": 72.86791135581181,
    "pop": 11612
  },
  "Gafftopsail Catfish": {
    "mu": 395.6566801619433,
    "sigma": 96.16992425503378,
    "pop": 7410
  },
  "Ladyfish": {
    "mu": 386.07423416651005,
    "sigma": 74.60531956556828,
    "pop": 5321
  },
  "Weakfish": {
    "mu": 381.05573077548365,
    "sigma": 101.68497075973697,
    "pop": 61510
  },
  "Spotted Seatrout": {
    "mu": 379.2880098729434,
    "sigma": 63.577546599539225,
    "pop": 312774
  },
  "Southern Flounder": {
    "mu": 375.066542259177,
    "sigma": 72.00164325432888,
    "pop": 42334
  },
  "Gulf Flounder": {
    "mu": 369.68627185255457,
    "sigma": 63.623784887680564,
    "pop": 7379
  },
  "Blue Catfish": {
    "mu": 366.2002015451797,
    "sigma": 130.0147515982213,
    "pop": 2977
  },
  "Hogfish": {
    "mu": 358.06987000928507,
    "sigma": 73.84478937355466,
    "pop": 4308
  },
  "Crevalle Jack": {
    "mu": 353.38845437616385,
    "sigma": 178.3480352895772,
    "pop": 13425
  },
  "Channel Catfish": {
    "mu": 351.2071596244131,
    "sigma": 101.91259566566082,
    "pop": 6816
  },
  "Sheepshead": {
    "mu": 347.14524956790444,
    "sigma": 74.20439261769452,
    "pop": 76372
  },
  "Gray Triggerfish": {
    "mu": 335.6051231377318,
    "sigma": 55.28859139097311,
    "pop": 52624
  },
  "Gray Snapper": {
    "mu": 334.1585380760298,
    "sigma": 95.72262156799576,
    "pop": 49086
  },
  "Largemouth Bass": {
    "mu": 322.108302212008,
    "sigma": 53.01659740787253,
    "pop": 3481
  },
  "Winter Flounder": {
    "mu": 316.0535384706247,
    "sigma": 50.6302513866835,
    "pop": 67727
  },
  "Yellowtail Snapper": {
    "mu": 311.43420823917955,
    "sigma": 54.97571821155699,
    "pop": 28765
  },
  "Striped Mullet": {
    "mu": 308.43835931846587,
    "sigma": 75.25855810843106,
    "pop": 30402
  },
  "Striped Searobin": {
    "mu": 307.30206446939513,
    "sigma": 63.9264111920335,
    "pop": 2761
  },
  "Atlantic Mackerel": {
    "mu": 305.5330243337196,
    "sigma": 66.61826740296502,
    "pop": 78533
  },
  "Black Sea Bass": {
    "mu": 305.1576451084145,
    "sigma": 68.76453050040473,
    "pop": 160449
  },
  "Silver Seatrout": {
    "mu": 299.5927734375,
    "sigma": 64.40341898893486,
    "pop": 5120
  },
  "Hardhead Catfish": {
    "mu": 295.833313150884,
    "sigma": 70.51246611686636,
    "pop": 16516
  },
  "Vermilion Snapper": {
    "mu": 292.1332725500676,
    "sigma": 48.12036829585597,
    "pop": 63614
  },
  "Gulf Kingfish": {
    "mu": 291.07130239280553,
    "sigma": 45.55323845350258,
    "pop": 18681
  },
  "Sand Seatrout": {
    "mu": 289.4912343266337,
    "sigma": 42.139357010203994,
    "pop": 70103
  },
  "Lane Snapper": {
    "mu": 287.49458753266146,
    "sigma": 61.03952687851145,
    "pop": 13395
  },
  "Whitebone Porgy": {
    "mu": 286.62916666666666,
    "sigma": 50.539377581669804,
    "pop": 2160
  },
  "Acadian Redfish": {
    "mu": 283.5023400936037,
    "sigma": 37.78194573524663,
    "pop": 2564
  },
  "Northern Kingfish": {
    "mu": 279.78263056417137,
    "sigma": 45.27138513195362,
    "pop": 11929
  },
  "Southern Kingfish": {
    "mu": 277.016757361542,
    "sigma": 39.939357974791086,
    "pop": 78652
  },
  "Blue Runner": {
    "mu": 273.7467306015693,
    "sigma": 73.45488600321042,
    "pop": 34410
  },
  "Red Porgy": {
    "mu": 271.44927749926273,
    "sigma": 49.02995544294567,
    "pop": 27128
  },
  "Atlantic Herring": {
    "mu": 262.29204847768256,
    "sigma": 53.953641260737534,
    "pop": 3383
  },
  "White Grunt": {
    "mu": 260.899118565903,
    "sigma": 42.94921635117022,
    "pop": 53776
  },
  "Atlantic Croaker": {
    "mu": 260.6530334484749,
    "sigma": 53.293140805005976,
    "pop": 232178
  },
  "Florida Pompano": {
    "mu": 259.2708709095594,
    "sigma": 75.84756084204756,
    "pop": 15524
  },
  "Atlantic Spadefish": {
    "mu": 256.9655968114118,
    "sigma": 96.89293306450605,
    "pop": 9534
  },